{"cameraMode":{"drawMode":0,"name":"Shaded","section":"Shading Mode"},"sceneLighting":true,"audioPlay":false,"sceneViewState":{"showFog":true,"showMaterialUpdate":true,"showSkybox":true,"showFlares":true,"showImageEffects":true,"showParticleSystems":true},"in2DMode":false,"pivot":{"x":1.0667965412139893,"y":0.7458794116973877,"z":-0.420224130153656},"rotation":{"x":0.2192639708518982,"y":-0.5427374839782715,"z":0.14933088421821595,"w":0.796906590461731},"size":3.3073947429656984,"orthographic":false}