{"cameraMode":{"drawMode":0,"name":"Shaded","section":"Shading Mode"},"sceneLighting":false,"audioPlay":false,"sceneViewState":{"showFog":true,"showMaterialUpdate":true,"showSkybox":false,"showFlares":true,"showImageEffects":true,"showParticleSystems":true},"in2DMode":false,"pivot":{"x":-0.8208479881286621,"y":-0.33892714977264407,"z":0.36491334438323977},"rotation":{"x":-0.10539072751998902,"y":0.8162994980812073,"z":-0.15767578780651093,"w":-0.5456125736236572},"size":1.5061862468719483,"orthographic":false}