{"cameraMode":{"drawMode":0,"name":"Shaded","section":"Shading Mode"},"sceneLighting":false,"audioPlay":false,"sceneViewState":{"showFog":true,"showMaterialUpdate":true,"showSkybox":false,"showFlares":true,"showImageEffects":true,"showParticleSystems":true},"in2DMode":false,"pivot":{"x":-0.5821781158447266,"y":0.08516311645507813,"z":-0.7623810768127441},"rotation":{"x":0.11245271563529968,"y":0.8861716389656067,"z":-0.3430098593235016,"w":0.29052412509918215},"size":0.8660253882408142,"orthographic":false}