{"cameraMode":{"drawMode":0,"name":"Shaded","section":"Shading Mode"},"sceneLighting":true,"audioPlay":false,"sceneViewState":{"showFog":true,"showMaterialUpdate":true,"showSkybox":true,"showFlares":true,"showImageEffects":true,"showParticleSystems":true},"in2DMode":false,"pivot":{"x":2.6545567512512209,"y":1.3596913814544678,"z":-0.40682488679885867},"rotation":{"x":-0.014659581705927849,"y":0.7504347562789917,"z":0.01665615290403366,"w":0.6605765223503113},"size":8.14949893951416,"orthographic":false}