{"cameraMode":{"drawMode":0,"name":"Shaded","section":"Shading Mode"},"sceneLighting":true,"audioPlay":false,"sceneViewState":{"showFog":true,"showMaterialUpdate":true,"showSkybox":true,"showFlares":true,"showImageEffects":true,"showParticleSystems":true},"in2DMode":false,"pivot":{"x":-0.9641952514648438,"y":-0.5897464752197266,"z":1.1139395236968995},"rotation":{"x":0.30163800716400149,"y":0.6718041896820068,"z":-0.35001370310783389,"w":0.5789557695388794},"size":6.109357833862305,"orthographic":false}