{"cameraMode":{"drawMode":0,"name":"Shaded","section":"Shading Mode"},"sceneLighting":true,"audioPlay":false,"sceneViewState":{"showFog":true,"showMaterialUpdate":true,"showSkybox":false,"showFlares":true,"showImageEffects":true,"showParticleSystems":true},"in2DMode":false,"pivot":{"x":-3.9200000762939455,"y":2.5900001525878908,"z":1.3299999237060547},"rotation":{"x":0.07588588446378708,"y":0.9117417335510254,"z":-0.19605635106563569,"w":0.35289666056632998},"size":12.12435531616211,"orthographic":false}